user_login,user_email,role,first_name,last_name,display_name
eanderson,eanderson@example.com,administrator,Emma,Anderson,Emma Anderson
lbrown,lbrown@example.com,administrator,Liam,Brown,Liam Brown
oclark,oclark@example.com,administrator,Olivia,Clark,Olivia Clark
ndavis,ndavis@example.com,administrator,Noah,Davis,Noah Davis
aevans,aevans@example.com,administrator,Ava,Evans,Ava Evans
efoster,efoster@example.com,administrator,Elijah,Foster,Elijah Foster
igarcia,igarcia@example.com,administrator,Isabella,Garcia,Isabella Garcia
jharris,jharris@example.com,administrator,James,Harris,James Harris
sjohnson,sjohnson@example.com,administrator,Sophia,Johnson,Sophia Johnson
lkelly,lkelly@example.com,administrator,Lucas,Kelly,Lucas Kelly
mlewis,mlewis@example.com,administrator,Mia,Lewis,Mia Lewis
mmartin,mmartin@example.com,administrator,Mason,Martin,Mason Martin
amitchell,amitchell@example.com,administrator,Amelia,Mitchell,Amelia Mitchell
enelson,enelson@example.com,administrator,Ethan,Nelson,Ethan Nelson
hperez,hperez@example.com,administrator,Harper,Perez,Harper Perez
lroberts,lroberts@example.com,administrator,Logan,Roberts,Logan Roberts
erobinson,erobinson@example.com,administrator,Evelyn,Robinson,Evelyn Robinson
jscott,jscott@example.com,editor,Jackson,Scott,Jackson Scott
astewart,astewart@example.com,editor,Abigail,Stewart,Abigail Stewart
ataylor,ataylor@example.com,editor,Aiden,Taylor,Aiden Taylor
ethomas,ethomas@example.com,editor,Ella,Thomas,Ella Thomas
sthompson,sthompson@example.com,editor,Samuel,Thompson,Samuel Thompson
sturner,sturner@example.com,editor,Scarlett,Turner,Scarlett Turner
swalker,swalker@example.com,editor,Sebastian,Walker,Sebastian Walker
vwhite,vwhite@example.com,editor,Victoria,White,Victoria White
jwilliams,jwilliams@example.com,editor,Jack,Williams,Jack Williams
myoung,myoung@example.com,editor,Madison,Young,Madison Young
aallen,aallen@example.com,editor,Alexander,Allen,Alexander Allen
gbennett,gbennett@example.com,editor,Grace,Bennett,Grace Bennett
hbrooks,hbrooks@example.com,editor,Henry,Brooks,Henry Brooks
zcampbell,zcampbell@example.com,editor,Zoe,Campbell,Zoe Campbell
dcarter,dcarter@example.com,editor,Daniel,Carter,Daniel Carter
rcollins,rcollins@example.com,editor,Riley,Collins,Riley Collins
mcooper,mcooper@example.com,editor,Michael,Cooper,Michael Cooper
ldiaz,ldiaz@example.com,author,Lily,Diaz,Lily Diaz
bedwards,bedwards@example.com,author,Benjamin,Edwards,Benjamin Edwards
nflores,nflores@example.com,author,Natalie,Flores,Natalie Flores
dgonzalez,dgonzalez@example.com,author,David,Gonzalez,David Gonzalez
cgreen,cgreen@example.com,author,Chloe,Green,Chloe Green
